{
	"pattrstorage" : 	{
		"name" : "u870000655",
		"slots" : 		{
			"1" : 			{
				"id" : 1,
				"data" : 				{
					"envelope" : [ 512.0, 0.0, 1.0, 0.0, 0.0, 0, 68.68293, 0.846154, 0, 114.471542, 0.846154, 0, 156.097565, 0.897436, 0, 243.512192, 1.0, 0, 355.902435, 0.948718, 0, 393.365845, 0.871795, 0, 476.617889, 0.717949, 0, 512.0, 0.0, 0, "linear" ],
					"pitch" : [ 0.0 ],
					"in" : [ 10847.438477 ],
					"out" : [ 10966.100586 ],
					"grain_duration" : [ 318 ],
					"grain_distance" : [ 159, 159 ]
				}

			}
,
			"2" : 			{
				"id" : 2,
				"data" : 				{
					"envelope" : [ 512.0, 0.0, 1.0, 0.0, 0.0, 0, 122.796745, 0.102564, 0, 160.260162, 0.487179, 0, 181.073166, 0.871795, 0, 243.512192, 1.0, 0, 297.626007, 0.923077, 0, 335.089417, 0.153846, 0, 418.341461, 0.0, 0, 512.0, 0.0, 0, "linear" ],
					"pitch" : [ 0.0 ],
					"in" : [ 5237.279297 ],
					"out" : [ 5881.337891 ],
					"grain_duration" : [ 122 ],
					"grain_distance" : [ 159, 159 ]
				}

			}
,
			"3" : 			{
				"id" : 3,
				"data" : 				{
					"envelope" : [ 512.0, 0.0, 1.0, 0.0, 0.0, 0, 201.886185, 0.076923, 0, 210.21138, 0.435897, 0, 235.186996, 0.769231, 0, 264.325195, 1.0, 0, 305.951233, 0.307692, 0, 380.878052, 0.051282, 0, 512.0, 0.0, 0, "linear" ],
					"pitch" : [ 0.0 ],
					"in" : [ 84.739235 ],
					"out" : [ 711.859436 ],
					"grain_duration" : [ 123 ],
					"grain_distance" : [ 208, 208 ]
				}

			}

		}

	}

}
